datasets/test/27volkswagenArteon15.jpg,0.0
datasets/test/18mercedesBenzG33.jpg,0.5418858870129957
datasets/test/14hyundaiVeloster38.jpg,0.29502285789707344
datasets/test/26toyotaRAV4-7.jpg,0.6799680268411614
datasets/test/11hondaInsight27.jpg,0.5866221867108355
datasets/test/12hondaPassport11.jpg,0.8834514249724453
datasets/test/23subaruAscent25.jpg,0.6005544894339276
datasets/test/08chevySilverado32.jpg,0.6810964688373381
datasets/test/10fordTaurus32.jpg,0.2856565111889997
datasets/test/13hyundaiSantaFe21.jpg,0.0
datasets/test/19nissanAltima13.jpg,0.49246293576901495
datasets/test/21porsche911Speedster38.jpg,0.7580498269096141
datasets/test/20nissanLeafPlus11.jpg,0.543050450509059
datasets/test/14hyundaiVeloster21.jpg,0.2631361348850692
datasets/test/14hyundaiVeloster26.jpg,0.7774646705524848
datasets/test/06bmwX5-17.jpg,0.5952805021474784
datasets/test/17mercedesBenzA7.jpg,0.49332844605668397
datasets/test/21porsche911Speedster23.jpg,0.38340871153215106
datasets/test/02acuraRDX21.jpg,0.48866827249377853
datasets/test/02acuraRDX3.jpg,0.5374364205531821
datasets/test/06bmwX5-6.jpg,0.3135364834357937
datasets/test/30volvoV60-32.jpg,0.917813934084272
datasets/test/22porscheCayenne18.jpg,0.6175748779522364
datasets/test/12hondaPassport43.jpg,0.819447973650019
datasets/test/27volkswagenArteon11.jpg,0.8379530542787972
datasets/test/13hyundaiSantaFe31.jpg,0.0
datasets/test/02acuraRDX10.jpg,0.4301089297592338
datasets/test/30volvoV60-2.jpg,0.43096028915166606
datasets/test/19nissanAltima29.jpg,0.8298053700809774
datasets/test/24subaruForester7.jpg,0.8388819290810389
datasets/test/16lexusUX28.jpg,0.39720971236776137
datasets/test/04audiA8-31.jpg,0.623445541628703
datasets/test/19nissanAltima18.jpg,0.6871331865397365
datasets/test/06bmwX5-19.jpg,0.8855857802338921
datasets/test/22porscheCayenne1.jpg,0.6705263833964895
datasets/test/16lexusUX12.jpg,0.6533046029163793
datasets/test/13hyundaiSantaFe13.jpg,0.0
datasets/test/06bmwX5-22.jpg,0.6207559256886611
datasets/test/20nissanLeafPlus28.jpg,0.5082333746260991
datasets/test/16lexusUX22.jpg,0.8094833953003762
datasets/test/17mercedesBenzA24.jpg,0.5138599952405444
datasets/test/28volkswagenJetta37.jpg,0.725959745704905
datasets/test/04audiA8-4.jpg,0.9094653946625585
datasets/test/17mercedesBenzA1.jpg,0.6706600361663653
datasets/test/01acuraNSX30.jpg,0.6156653751041405
datasets/test/12hondaPassport31.jpg,0.6259009753767617
datasets/test/14hyundaiVeloster20.jpg,0.35008572653236175
datasets/test/18mercedesBenzG37.jpg,0.004188073865437064
datasets/test/18mercedesBenzG36.jpg,0.7414363578950259
datasets/test/15lexusES18.jpg,0.0
datasets/test/10fordTaurus38.jpg,0.3010672117909807
datasets/test/26toyotaRAV4-19.jpg,0.5965522477992289
datasets/test/30volvoV60-28.jpg,0.3957192704430135
datasets/test/28volkswagenJetta5.jpg,0.0
datasets/test/05bmwX4-4.jpg,0.8979358282609113
datasets/test/07chevyBlazer22.jpg,0.6793216925988421
datasets/test/01acuraNSX26.jpg,0.3945040581208013
datasets/test/20nissanLeafPlus15.jpg,0.7116642430806112
datasets/test/10fordTaurus13.jpg,0.6505568732833359
datasets/test/17mercedesBenzA3.jpg,0.4543940194206314
datasets/test/19nissanAltima20.jpg,0.3834453185670392
datasets/test/24subaruForester34.jpg,0.0
datasets/test/01acuraNSX24.jpg,0.6732848098539989
datasets/test/02acuraRDX8.jpg,0.4539427152669449
datasets/test/02acuraRDX25.jpg,0.44696101474330335
datasets/test/10fordTaurus7.jpg,0.4593809381723385
datasets/test/13hyundaiSantaFe28.jpg,0.0
datasets/test/07chevyBlazer32.jpg,0.6682136686747293
datasets/test/15lexusES11.jpg,0.4441881445387412
datasets/test/25toyotaAvalon37.jpg,0.5068458645940159
datasets/test/26toyotaRAV4-1.jpg,0.7410859808431888
datasets/test/18mercedesBenzG28.jpg,0.7022181240715127
datasets/test/14hyundaiVeloster14.jpg,0.5254682001878915
datasets/test/13hyundaiSantaFe4.jpg,0.6990533134030892
datasets/test/05bmwX4-34.jpg,0.286020926945552
datasets/test/17mercedesBenzA19.jpg,0.6994484337600166
datasets/test/23subaruAscent34.jpg,0.7146347922068729
datasets/test/06bmwX5-32.jpg,0.5733883463031633
datasets/test/24subaruForester2.jpg,0.026974541508850387
datasets/test/05bmwX4-37.jpg,0.5794600335197385
datasets/test/24subaruForester12.jpg,0.6885764637286181
datasets/test/03audiA6-11.jpg,0.5220898237504934
datasets/test/09fordFusionHybridTitanium5.jpg,0.01856471969474611
datasets/test/19nissanAltima5.jpg,0.6061017639768425
datasets/test/09fordFusionHybridTitanium42.jpg,0.6765679247305193
datasets/test/28volkswagenJetta2.jpg,0.47198941332157035
datasets/test/07chevyBlazer25.jpg,0.5982579137454854
datasets/test/25toyotaAvalon22.jpg,0.415747895407704
datasets/test/01acuraNSX15.jpg,0.3286042144794492
datasets/test/26toyotaRAV4-10.jpg,0.0
datasets/test/21porsche911Speedster17.jpg,0.4590498334681474
datasets/test/16lexusUX36.jpg,0.4171606606192616
datasets/test/28volkswagenJetta1.jpg,0.5609447490510333
datasets/test/12hondaPassport2.jpg,0.5376924257147241
datasets/test/20nissanLeafPlus31.jpg,0.9235551486825001
datasets/test/16lexusUX16.jpg,0.8701087960824171
datasets/test/11hondaInsight16.jpg,0.9190072572156667
datasets/test/18mercedesBenzG34.jpg,0.631578947368421
datasets/test/30volvoV60-10.jpg,0.4838869254800943
datasets/test/08chevySilverado5.jpg,0.6171243243243243
datasets/test/30volvoV60-23.jpg,0.0
datasets/test/23subaruAscent13.jpg,0.6354867512748434
datasets/test/05bmwX4-25.jpg,0.9118677238515918
datasets/test/04audiA8-3.jpg,0.6239795064603071
datasets/test/24subaruForester29.jpg,0.8498609339294783
datasets/test/27volkswagenArteon1.jpg,0.8801639757543871
datasets/test/25toyotaAvalon18.jpg,0.4457552349696601
datasets/test/05bmwX4-2.jpg,0.7900711366732254
datasets/test/24subaruForester22.jpg,0.0
datasets/test/19nissanAltima14.jpg,0.8657626662404629
datasets/test/03audiA6-25.jpg,0.36391747213745895
datasets/test/17mercedesBenzA12.jpg,0.828318485678151
datasets/test/23subaruAscent21.jpg,0.388673824254509
datasets/test/18mercedesBenzG29.jpg,0.8989428778406804
datasets/test/14hyundaiVeloster28.jpg,0.5479781317749081
datasets/test/20nissanLeafPlus34.jpg,0.8787356161322757
datasets/test/10fordTaurus9.jpg,0.47050479644361254
datasets/test/21porsche911Speedster26.jpg,0.48771568203730176
datasets/test/27volkswagenArteon18.jpg,0.3557419308853752
datasets/test/01acuraNSX5.jpg,0.3487897511478941
datasets/test/25toyotaAvalon29.jpg,0.4188287132945316
datasets/test/01acuraNSX11.jpg,0.0
datasets/test/06bmwX5-37.jpg,0.3756964788327876
datasets/test/18mercedesBenzG18.jpg,0.8208100013022529
datasets/test/22porscheCayenne5.jpg,0.6445847861750694
datasets/test/25toyotaAvalon31.jpg,0.5566055838050465
datasets/test/11hondaInsight19.jpg,0.20638749166717169
datasets/test/05bmwX4-9.jpg,0.011362582934936631
datasets/test/23subaruAscent18.jpg,0.0
datasets/test/27volkswagenArteon20.jpg,0.0
datasets/test/23subaruAscent8.jpg,0.5493946201713752
datasets/test/16lexusUX13.jpg,0.46366263512790323
datasets/test/29volvoS60-2.jpg,0.0
datasets/test/30volvoV60-30.jpg,0.5939059544185209
datasets/test/08chevySilverado10.jpg,0.7191735006969489
datasets/test/05bmwX4-7.jpg,0.4826031895941102
datasets/test/23subaruAscent9.jpg,0.8140956331781372
datasets/test/01acuraNSX9.jpg,0.520069357598263
datasets/test/17mercedesBenzA14.jpg,0.0
datasets/test/21porsche911Speedster6.jpg,0.5324057799404245
datasets/test/11hondaInsight10.jpg,0.5619504614419891
datasets/test/10fordTaurus37.jpg,0.0
datasets/test/30volvoV60-34.jpg,0.34083478976046055
datasets/test/30volvoV60-8.jpg,0.3809931692507861
datasets/test/15lexusES31.jpg,0.3605776766055902
datasets/test/03audiA6-33.jpg,0.6066718386346005
datasets/test/14hyundaiVeloster17.jpg,0.6154661352060992
datasets/test/03audiA6-24.jpg,0.4796460332370577
datasets/test/22porscheCayenne9.jpg,0.0
datasets/test/07chevyBlazer9.jpg,0.4726318572910522
datasets/test/09fordFusionHybridTitanium24.jpg,0.5421268437291058
datasets/test/29volvoS60-9.jpg,0.6961713232337792
datasets/test/21porsche911Speedster5.jpg,0.1500410089431515
datasets/test/05bmwX4-30.jpg,0.30719746263230824
datasets/test/13hyundaiSantaFe27.jpg,0.5409890918824868
datasets/test/21porsche911Speedster24.jpg,0.6418267103283476
datasets/test/23subaruAscent4.jpg,0.4697705885970847
datasets/test/14hyundaiVeloster27.jpg,0.584240427766638
datasets/test/30volvoV60-20.jpg,0.49122815933647074
datasets/test/23subaruAscent14.jpg,0.5964394475769648
datasets/test/26toyotaRAV4-35.jpg,0.7814052750423296
datasets/test/18mercedesBenzG11.jpg,0.6427627177778418
datasets/test/28volkswagenJetta26.jpg,0.44484920365977637
datasets/test/01acuraNSX23.jpg,0.7561605894838564
datasets/test/16lexusUX15.jpg,0.5907527995449413
datasets/test/17mercedesBenzA20.jpg,0.309908240691724
datasets/test/28volkswagenJetta15.jpg,0.8578136093996931
datasets/test/12hondaPassport30.jpg,0.579075916702949
datasets/test/11hondaInsight2.jpg,0.4957827047498816
datasets/test/28volkswagenJetta14.jpg,0.5025628271118993
datasets/test/29volvoS60-11.jpg,0.7670217693376563
datasets/test/14hyundaiVeloster30.jpg,0.5334326476823469
datasets/test/11hondaInsight18.jpg,0.8229430980779457
datasets/test/30volvoV60-29.jpg,0.5259281482037051
datasets/test/08chevySilverado23.jpg,0.6781323414252154
datasets/test/27volkswagenArteon13.jpg,0.40676841810063025
datasets/test/22porscheCayenne22.jpg,0.6441466836233005
datasets/test/16lexusUX8.jpg,0.3490611567689497
datasets/test/28volkswagenJetta16.jpg,0.5864654847227462
datasets/test/23subaruAscent32.jpg,0.3546379300017969
datasets/test/15lexusES9.jpg,0.6263434336033556
datasets/test/30volvoV60-13.jpg,0.5856565855580731
datasets/test/11hondaInsight12.jpg,0.6921999199615227
datasets/test/22porscheCayenne23.jpg,0.5957848684688466
datasets/test/16lexusUX34.jpg,0.34553772070626004
datasets/test/06bmwX5-7.jpg,0.6008379955092736
datasets/test/17mercedesBenzA22.jpg,0.44879760032816024
datasets/test/21porsche911Speedster25.jpg,0.4175304705957561
datasets/test/22porscheCayenne2.jpg,0.31210503591474664
datasets/test/24subaruForester38.jpg,0.6227201428882198
datasets/test/05bmwX4-38.jpg,0.5556629533866564
datasets/test/26toyotaRAV4-39.jpg,0.7468879668049793
datasets/test/12hondaPassport3.jpg,0.5837231057062675
datasets/test/02acuraRDX2.jpg,0.47307649405032876
datasets/test/07chevyBlazer34.jpg,0.0
datasets/test/09fordFusionHybridTitanium31.jpg,0.38750758035172833
datasets/test/27volkswagenArteon9.jpg,0.6209309330182341
datasets/test/28volkswagenJetta28.jpg,0.0748324445458884
datasets/test/17mercedesBenzA25.jpg,0.0
datasets/test/18mercedesBenzG26.jpg,0.0
datasets/test/11hondaInsight7.jpg,0.48108353510895885
datasets/test/30volvoV60-15.jpg,0.542949154736864
datasets/test/12hondaPassport20.jpg,0.7123784017959119
datasets/test/07chevyBlazer33.jpg,0.6033380222788275
datasets/test/05bmwX4-23.jpg,0.5794600335197385
datasets/test/25toyotaAvalon23.jpg,0.5767760704670721
datasets/test/28volkswagenJetta11.jpg,0.937887413029728
datasets/test/08chevySilverado19.jpg,0.7596801346801347
datasets/test/12hondaPassport38.jpg,0.020260385832897073
datasets/test/11hondaInsight25.jpg,0.8521042484388082
datasets/test/15lexusES36.jpg,0.7881241529870225
datasets/test/26toyotaRAV4-8.jpg,0.789886218932741
datasets/test/11hondaInsight31.jpg,0.4288646693709985
datasets/test/26toyotaRAV4-14.jpg,0.5586455491003555
datasets/test/01acuraNSX20.jpg,0.42524064171122994
datasets/test/06bmwX5-14.jpg,0.7174076865109269
datasets/test/26toyotaRAV4-27.jpg,0.8431518767089237
datasets/test/10fordTaurus40.jpg,0.772849529938163
datasets/test/16lexusUX35.jpg,0.6296569807387604
datasets/test/08chevySilverado6.jpg,0.8822155974481637
datasets/test/25toyotaAvalon11.jpg,0.39570409615006924
datasets/test/19nissanAltima15.jpg,0.42842763698617164
datasets/test/21porsche911Speedster19.jpg,0.01828147462932808
datasets/test/24subaruForester11.jpg,0.49964488636363635
datasets/test/06bmwX5-9.jpg,0.4791007606931515
datasets/test/07chevyBlazer13.jpg,0.4874820791140367
datasets/test/27volkswagenArteon14.jpg,0.8717832791612699
datasets/test/27volkswagenArteon27.jpg,0.541187956950184
datasets/test/14hyundaiVeloster32.jpg,0.49520776946346123
datasets/test/03audiA6-12.jpg,0.35514421007318125
datasets/test/12hondaPassport15.jpg,0.8571041092174857
datasets/test/13hyundaiSantaFe36.jpg,0.6021336516012856
datasets/test/13hyundaiSantaFe33.jpg,0.6691469672118814
datasets/test/19nissanAltima9.jpg,0.5467523731220569
datasets/test/17mercedesBenzA15.jpg,0.43452639714051106
datasets/test/18mercedesBenzG38.jpg,0.0
datasets/test/18mercedesBenzG25.jpg,0.6020104244229337
datasets/test/25toyotaAvalon4.jpg,0.5204418060121567
datasets/test/16lexusUX3.jpg,0.8982898484799254
datasets/test/06bmwX5-8.jpg,0.7673867059803858
datasets/test/25toyotaAvalon7.jpg,0.6005047672462143
datasets/test/16lexusUX25.jpg,0.7057603610180178
datasets/test/21porsche911Speedster20.jpg,0.7537567942022807
datasets/test/04audiA8-1.jpg,0.5570647672685108
datasets/test/21porsche911Speedster28.jpg,0.46453562923612385
datasets/test/19nissanAltima21.jpg,0.0
datasets/test/24subaruForester3.jpg,0.47680880449795005
datasets/test/04audiA8-27.jpg,0.48777197149643703
datasets/test/21porsche911Speedster10.jpg,0.4845915924996266
datasets/test/10fordTaurus34.jpg,0.6535419230093162
datasets/test/25toyotaAvalon3.jpg,0.27370047189736535
datasets/test/23subaruAscent40.jpg,0.04554956272663559
datasets/test/03audiA6-16.jpg,0.4789035482739892
datasets/test/16lexusUX33.jpg,0.5282570302947969
datasets/test/18mercedesBenzG3.jpg,0.6664185063551054
datasets/test/03audiA6-29.jpg,0.41767409136341554
datasets/test/06bmwX5-13.jpg,0.5002085717647311
datasets/test/14hyundaiVeloster15.jpg,0.5154667721518987
datasets/test/22porscheCayenne28.jpg,0.6407869613423682
datasets/test/12hondaPassport9.jpg,0.7337030068417614
datasets/test/27volkswagenArteon17.jpg,0.458685286733819
datasets/test/26toyotaRAV4-21.jpg,0.0
datasets/test/27volkswagenArteon25.jpg,0.4162169610976999
datasets/test/11hondaInsight26.jpg,0.4776444929116685
datasets/test/07chevyBlazer8.jpg,0.0
datasets/test/24subaruForester33.jpg,0.4029652651168063
datasets/test/06bmwX5-30.jpg,0.27476415094339623
datasets/test/13hyundaiSantaFe18.jpg,0.07078529155894281
datasets/test/26toyotaRAV4-29.jpg,0.6926320037708762
datasets/test/17mercedesBenzA5.jpg,0.0
datasets/test/29volvoS60-4.jpg,0.3369071415591496
datasets/test/04audiA8-7.jpg,0.3743527279234761
datasets/test/14hyundaiVeloster34.jpg,0.5015467148396445
datasets/test/21porsche911Speedster30.jpg,0.29116051888737354
datasets/test/22porscheCayenne4.jpg,0.5033679525222552
datasets/test/17mercedesBenzA11.jpg,0.6136087646956777
datasets/test/20nissanLeafPlus16.jpg,0.4208558812246464
datasets/test/16lexusUX17.jpg,0.3220452081074318
datasets/test/20nissanLeafPlus21.jpg,0.62717491416168
datasets/test/25toyotaAvalon30.jpg,0.3923378045738948
datasets/test/07chevyBlazer12.jpg,0.0
datasets/test/14hyundaiVeloster18.jpg,0.6284077033741553
datasets/test/10fordTaurus26.jpg,0.0
datasets/test/26toyotaRAV4-23.jpg,0.7645615470000584
datasets/test/14hyundaiVeloster31.jpg,0.5424897636664032
datasets/test/02acuraRDX33.jpg,0.0
datasets/test/09fordFusionHybridTitanium10.jpg,0.4331382923845598
datasets/test/15lexusES25.jpg,0.46897825900146084
datasets/test/28volkswagenJetta4.jpg,0.5084140361800776
datasets/test/25toyotaAvalon38.jpg,0.5448154989394319
datasets/test/15lexusES40.jpg,0.3594896411072699
datasets/test/21porsche911Speedster27.jpg,0.0
datasets/test/02acuraRDX14.jpg,0.558917948142328
datasets/test/21porsche911Speedster13.jpg,0.6161184843239085
datasets/test/23subaruAscent19.jpg,0.0
datasets/test/04audiA8-6.jpg,0.03385297934275593
datasets/test/07chevyBlazer3.jpg,0.0
datasets/test/27volkswagenArteon21.jpg,0.4672708147908407
datasets/test/16lexusUX10.jpg,0.8166193450690895
datasets/test/30volvoV60-33.jpg,0.650962916676944
datasets/test/11hondaInsight15.jpg,0.9044529649407177
datasets/test/28volkswagenJetta6.jpg,0.0
datasets/test/20nissanLeafPlus8.jpg,0.7008203426274335
datasets/test/15lexusES41.jpg,0.6014339663948334
datasets/test/11hondaInsight11.jpg,0.5307154888816035
datasets/test/15lexusES20.jpg,0.4876881512929371
datasets/test/16lexusUX1.jpg,0.5944721470294914
datasets/test/09fordFusionHybridTitanium38.jpg,0.33281244347983363
datasets/test/19nissanAltima2.jpg,0.7483284830177558
datasets/test/24subaruForester28.jpg,0.5712262755209875
datasets/test/14hyundaiVeloster7.jpg,0.5337055187593305
datasets/test/08chevySilverado38.jpg,0.8341462760368932
datasets/test/22porscheCayenne10.jpg,0.6500047460844803
datasets/test/19nissanAltima19.jpg,0.8298053700809774
datasets/test/03audiA6-5.jpg,0.5713475444393671
datasets/test/22porscheCayenne25.jpg,0.03766816143497758
datasets/test/09fordFusionHybridTitanium13.jpg,0.4445611628006689
datasets/test/26toyotaRAV4-28.jpg,0.7663755458515283
datasets/test/04audiA8-8.jpg,0.6076470095517034
datasets/test/21porsche911Speedster15.jpg,0.0
datasets/test/09fordFusionHybridTitanium40.jpg,0.7234614937180084
datasets/test/07chevyBlazer18.jpg,0.903123281174351
datasets/test/19nissanAltima7.jpg,0.6109127079065007
datasets/test/13hyundaiSantaFe30.jpg,0.0
datasets/test/15lexusES21.jpg,0.74158001574216
datasets/test/28volkswagenJetta33.jpg,0.371650948688725
datasets/test/26toyotaRAV4-12.jpg,0.4162194768466655
datasets/test/25toyotaAvalon10.jpg,0.5400827639303243
datasets/test/23subaruAscent24.jpg,0.7249392993409642
datasets/test/20nissanLeafPlus23.jpg,0.718631533418707
datasets/test/01acuraNSX25.jpg,0.6863920400263257
datasets/test/03audiA6-37.jpg,0.4776799090590956
datasets/test/19nissanAltima27.jpg,0.6025483718735253
datasets/test/13hyundaiSantaFe5.jpg,0.5708127095641067
datasets/test/11hondaInsight28.jpg,0.84895645108199
datasets/test/02acuraRDX30.jpg,0.46494565836542184
datasets/test/12hondaPassport22.jpg,0.0
datasets/test/03audiA6-19.jpg,0.3144719317528001
datasets/test/23subaruAscent15.jpg,0.03005085529357374
datasets/test/26toyotaRAV4-2.jpg,0.5023473815287757
datasets/test/11hondaInsight29.jpg,0.24737465582378176
datasets/test/09fordFusionHybridTitanium27.jpg,0.4765343624513001
datasets/test/06bmwX5-12.jpg,0.00899153194765204
datasets/test/08chevySilverado15.jpg,0.7789827803062065
datasets/test/20nissanLeafPlus2.jpg,0.40933480745999157
datasets/test/08chevySilverado9.jpg,0.0
datasets/test/26toyotaRAV4-6.jpg,0.8771757583422998
datasets/test/09fordFusionHybridTitanium34.jpg,0.5003434634148788
datasets/test/10fordTaurus14.jpg,0.4816591470405375
datasets/test/18mercedesBenzG22.jpg,0.7031866536191168
datasets/test/05bmwX4-1.jpg,0.5624713239417473
datasets/test/21porsche911Speedster2.jpg,0.3728951208252036
datasets/test/23subaruAscent35.jpg,0.6984526995393356
datasets/test/12hondaPassport7.jpg,0.8159062922360715
datasets/test/03audiA6-7.jpg,0.4396531909056532
datasets/test/23subaruAscent28.jpg,0.48076907498764654
datasets/test/16lexusUX4.jpg,0.6934545611237989
datasets/test/25toyotaAvalon1.jpg,0.37014811463882247
datasets/test/30volvoV60-18.jpg,0.3415033635565955
datasets/test/06bmwX5-31.jpg,0.7919102140297876
datasets/test/26toyotaRAV4-38.jpg,0.6223551057957681
datasets/test/19nissanAltima16.jpg,0.45892446257681585
datasets/test/22porscheCayenne32.jpg,0.5007882008258807
datasets/test/27volkswagenArteon24.jpg,0.3701435799110037
datasets/test/03audiA6-38.jpg,0.5100961948678758
datasets/test/25toyotaAvalon20.jpg,0.6213107428060699
datasets/test/04audiA8-12.jpg,0.5844229341855424
datasets/test/25toyotaAvalon28.jpg,0.49203607465219884
datasets/test/24subaruForester24.jpg,0.4931370378569847
datasets/test/12hondaPassport17.jpg,0.0
datasets/test/20nissanLeafPlus26.jpg,0.6820307378896759
datasets/test/13hyundaiSantaFe25.jpg,0.0
datasets/test/12hondaPassport41.jpg,0.6118340035996315
datasets/test/21porsche911Speedster16.jpg,0.4070451413397869
datasets/test/26toyotaRAV4-36.jpg,0.5619865068384127
datasets/test/17mercedesBenzA10.jpg,0.45595361674683665
datasets/test/22porscheCayenne15.jpg,0.45313036981695926
datasets/test/04audiA8-23.jpg,0.2657292677605495
datasets/test/21porsche911Speedster18.jpg,0.6171337798958021
datasets/test/17mercedesBenzA9.jpg,0.8214140679388087
datasets/test/17mercedesBenzA4.jpg,0.4518990914222247
datasets/test/14hyundaiVeloster37.jpg,0.4955284345699144
datasets/test/25toyotaAvalon9.jpg,0.656902433477371
datasets/test/05bmwX4-31.jpg,0.6701275779794524
datasets/test/15lexusES24.jpg,0.5585933543555913
datasets/test/26toyotaRAV4-15.jpg,0.021605516507823313
datasets/test/19nissanAltima22.jpg,0.5131503861517567
datasets/test/05bmwX4-19.jpg,0.30719746263230824
datasets/test/22porscheCayenne14.jpg,0.5574747442557124
datasets/test/11hondaInsight9.jpg,0.0
datasets/test/13hyundaiSantaFe16.jpg,0.648480930833872
datasets/test/10fordTaurus1.jpg,0.6994470358110142
datasets/test/04audiA8-10.jpg,0.2537551725261477
datasets/test/08chevySilverado37.jpg,0.5884826971282449
datasets/test/21porsche911Speedster36.jpg,0.6634825725535949
datasets/test/09fordFusionHybridTitanium8.jpg,0.4535611164581328
datasets/test/05bmwX4-26.jpg,0.645742481010585
datasets/test/07chevyBlazer4.jpg,0.6168505009471753
datasets/test/01acuraNSX29.jpg,0.43272778595479566
datasets/test/15lexusES26.jpg,0.5512627908954335
datasets/test/26toyotaRAV4-33.jpg,0.5777789860906918
datasets/test/01acuraNSX16.jpg,0.0
datasets/test/24subaruForester36.jpg,0.3943186592917611
datasets/test/19nissanAltima28.jpg,0.0
datasets/test/27volkswagenArteon4.jpg,0.7310972447363464
datasets/test/22porscheCayenne40.jpg,0.7594022548910169
datasets/test/22porscheCayenne27.jpg,0.6026566719947087
datasets/test/09fordFusionHybridTitanium33.jpg,0.543573604740701
datasets/test/29volvoS60-7.jpg,0.5728465083303793
datasets/test/21porsche911Speedster12.jpg,0.3274812233218854
datasets/test/27volkswagenArteon3.jpg,0.36133799451183823
datasets/test/25toyotaAvalon25.jpg,0.04501511083579558
datasets/test/21porsche911Speedster31.jpg,0.4391904869999476
datasets/test/10fordTaurus6.jpg,0.31574689599380956
datasets/test/09fordFusionHybridTitanium29.jpg,0.0
datasets/test/05bmwX4-15.jpg,0.802848429794965
datasets/test/07chevyBlazer1.jpg,0.6977007588628383
datasets/test/04audiA8-14.jpg,0.41847596875685344
datasets/test/09fordFusionHybridTitanium3.jpg,0.48516571825724336
datasets/test/09fordFusionHybridTitanium18.jpg,0.6651620013224597
datasets/test/23subaruAscent2.jpg,0.0
datasets/test/25toyotaAvalon15.jpg,0.6836600553505535
datasets/test/20nissanLeafPlus13.jpg,0.5452827004219409
datasets/test/09fordFusionHybridTitanium17.jpg,0.4838906912902421
datasets/test/28volkswagenJetta25.jpg,0.0
datasets/test/12hondaPassport37.jpg,0.0596964586846543
datasets/test/07chevyBlazer24.jpg,0.7569348878239516
datasets/test/24subaruForester5.jpg,0.6822226673152307
datasets/test/28volkswagenJetta20.jpg,0.0
datasets/test/13hyundaiSantaFe41.jpg,0.8123146096158839
datasets/test/30volvoV60-22.jpg,0.0
datasets/test/24subaruForester1.jpg,0.686881575577038
datasets/test/06bmwX5-26.jpg,0.62640276882969
datasets/test/24subaruForester35.jpg,0.6976940345389606
datasets/test/22porscheCayenne20.jpg,0.47545105437907137
datasets/test/28volkswagenJetta24.jpg,0.7906681747843646
datasets/test/12hondaPassport40.jpg,0.6970392428351952
datasets/test/01acuraNSX17.jpg,0.4889449165291914
datasets/test/15lexusES23.jpg,0.35669590919095684
datasets/test/16lexusUX9.jpg,0.49555578172442455
datasets/test/02acuraRDX17.jpg,0.8088121332890512
datasets/test/09fordFusionHybridTitanium12.jpg,0.47039054351605053
datasets/test/05bmwX4-17.jpg,0.7742237646263935
datasets/test/02acuraRDX16.jpg,0.0
datasets/test/28volkswagenJetta22.jpg,0.6656747441064098
datasets/test/12hondaPassport33.jpg,0.8960858564979413
datasets/test/01acuraNSX19.jpg,0.34092541941338844
datasets/test/19nissanAltima32.jpg,0.48304293392174086
datasets/test/07chevyBlazer35.jpg,0.32767758919589923
datasets/test/04audiA8-30.jpg,0.3606199403493822
datasets/test/21porsche911Speedster7.jpg,0.86
datasets/test/24subaruForester8.jpg,0.6028731010801295
datasets/test/28volkswagenJetta19.jpg,0.8012132727859079
datasets/test/01acuraNSX21.jpg,0.5500191249463651
datasets/test/28volkswagenJetta31.jpg,0.7170245398773006
datasets/test/11hondaInsight3.jpg,0.3981475865604157
datasets/test/21porsche911Speedster11.jpg,0.5221089108292325
datasets/test/27volkswagenArteon29.jpg,0.6412030965207859
datasets/test/03audiA6-8.jpg,0.691098092035135
datasets/test/16lexusUX21.jpg,0.6817813828825643
datasets/test/03audiA6-32.jpg,0.46612029855114884
datasets/test/11hondaInsight17.jpg,0.38726926249324495
datasets/test/20nissanLeafPlus32.jpg,0.7560404209361747
datasets/test/14hyundaiVeloster1.jpg,0.3845408568876725
datasets/test/04audiA8-16.jpg,0.6723210904960243
datasets/test/03audiA6-31.jpg,0.46849103873578724
datasets/test/28volkswagenJetta8.jpg,0.5326625565449155
datasets/test/04audiA8-17.jpg,0.6806321229900875
datasets/test/05bmwX4-27.jpg,0.0
datasets/test/11hondaInsight1.jpg,0.7087022696162425
datasets/test/12hondaPassport1.jpg,0.41879637262984337
datasets/test/02acuraRDX4.jpg,0.17298628674953812
datasets/test/15lexusES12.jpg,0.48748293126991354
datasets/test/19nissanAltima25.jpg,0.876280920614964
datasets/test/07chevyBlazer2.jpg,0.5931661750245821
datasets/test/12hondaPassport25.jpg,0.6896497814348161
datasets/test/17mercedesBenzA18.jpg,0.5927005496202062
datasets/test/27volkswagenArteon23.jpg,0.809385689944461
datasets/test/30volvoV60-6.jpg,0.3434718100890208
datasets/test/30volvoV60-36.jpg,0.5762881088986388
datasets/test/15lexusES27.jpg,0.488254381673238
datasets/test/18mercedesBenzG10.jpg,0.8289618282203716
datasets/test/16lexusUX2.jpg,0.6054849326164427
datasets/test/18mercedesBenzG4.jpg,0.4691019958783841
datasets/test/28volkswagenJetta34.jpg,0.6026701331087221
datasets/test/18mercedesBenzG5.jpg,0.6791181952567645
datasets/test/13hyundaiSantaFe8.jpg,0.651075487012987
datasets/test/11hondaInsight30.jpg,0.5126381268033462
datasets/test/15lexusES33.jpg,0.4920908885859705
datasets/test/04audiA8-11.jpg,0.4663673357798551
datasets/test/22porscheCayenne35.jpg,0.6412453939469217
datasets/test/28volkswagenJetta38.jpg,0.6177318971894746
datasets/test/09fordFusionHybridTitanium9.jpg,0.41109774157719364
datasets/test/22porscheCayenne30.jpg,0.5575949508240594
datasets/test/09fordFusionHybridTitanium32.jpg,0.6965285808221663
datasets/test/06bmwX5-1.jpg,0.45447123599772166
datasets/test/27volkswagenArteon16.jpg,0.8483798301854099
datasets/test/15lexusES30.jpg,0.6578753011732135
datasets/test/05bmwX4-18.jpg,0.645742481010585
datasets/test/23subaruAscent31.jpg,0.5623479891575835
datasets/test/11hondaInsight21.jpg,0.44066718496006785
datasets/test/01acuraNSX18.jpg,0.4398814652907673
datasets/test/14hyundaiVeloster29.jpg,0.7224670415783165
datasets/test/15lexusES3.jpg,0.87526333554477
datasets/test/30volvoV60-26.jpg,0.26630875034148543
datasets/test/15lexusES37.jpg,0.5943584212354436
datasets/test/27volkswagenArteon30.jpg,0.7348041422782531
datasets/test/25toyotaAvalon8.jpg,0.4094032994572654
datasets/test/20nissanLeafPlus17.jpg,0.782283826953273
datasets/test/10fordTaurus8.jpg,0.39630689687009507
datasets/test/24subaruForester20.jpg,0.7008723747980614
datasets/test/21porsche911Speedster9.jpg,0.6663308990178797
datasets/test/30volvoV60-16.jpg,0.7633190735540772
datasets/test/10fordTaurus3.jpg,0.6888134860600821
datasets/test/15lexusES4.jpg,0.48347706897571396
datasets/test/18mercedesBenzG19.jpg,0.15302339455405464
datasets/test/08chevySilverado24.jpg,0.626500943633942
datasets/test/09fordFusionHybridTitanium21.jpg,0.6456458773838738
datasets/test/25toyotaAvalon32.jpg,0.39506931939625517
datasets/test/30volvoV60-5.jpg,0.5419958556962211
datasets/test/16lexusUX7.jpg,0.622615903063138
datasets/test/07chevyBlazer30.jpg,0.5302900332216121
datasets/test/08chevySilverado22.jpg,0.5363169596442682
datasets/test/17mercedesBenzA26.jpg,0.4438901869568111
datasets/test/18mercedesBenzG27.jpg,0.6512129881380944
datasets/test/13hyundaiSantaFe19.jpg,0.0
datasets/test/13hyundaiSantaFe24.jpg,0.6958455988136606
datasets/test/03audiA6-15.jpg,0.5236110485288153
datasets/test/07chevyBlazer10.jpg,0.6864341546871777
datasets/test/15lexusES15.jpg,0.49821992679135535
datasets/test/13hyundaiSantaFe38.jpg,0.0
datasets/test/10fordTaurus30.jpg,0.8278029261983672
datasets/test/08chevySilverado28.jpg,0.5950041992212354
datasets/test/19nissanAltima17.jpg,0.3983393710962039
datasets/test/14hyundaiVeloster6.jpg,0.6316744907818584
datasets/test/07chevyBlazer6.jpg,0.5405657713066399
datasets/test/15lexusES39.jpg,0.5218325131370423
datasets/test/22porscheCayenne19.jpg,0.6123803756786724
datasets/test/15lexusES42.jpg,0.516361886429259
datasets/test/24subaruForester21.jpg,0.006913086818866424
datasets/test/11hondaInsight6.jpg,0.5794117183684401
datasets/test/01acuraNSX32.jpg,0.0
datasets/test/13hyundaiSantaFe29.jpg,0.7172038502955127
datasets/test/09fordFusionHybridTitanium7.jpg,0.5856615477647679
datasets/test/19nissanAltima4.jpg,0.47460749759692406
datasets/test/26toyotaRAV4-34.jpg,0.7934346194176437
datasets/test/11hondaInsight14.jpg,0.0
datasets/test/06bmwX5-38.jpg,0.27476415094339623
datasets/test/30volvoV60-3.jpg,0.4862460112267952
datasets/test/03audiA6-18.jpg,0.7923276033716068
datasets/test/15lexusES14.jpg,0.5384934492876053
datasets/test/14hyundaiVeloster8.jpg,0.618081550449719
datasets/test/24subaruForester10.jpg,0.11014360647348558
datasets/test/18mercedesBenzG24.jpg,0.8939944159564955
datasets/test/10fordTaurus22.jpg,0.5044310059534979
datasets/test/05bmwX4-36.jpg,0.8934389623502457
datasets/test/07chevyBlazer15.jpg,0.0
datasets/test/18mercedesBenzG14.jpg,0.5206576429735668
datasets/test/05bmwX4-8.jpg,0.7831793306918053
datasets/test/25toyotaAvalon19.jpg,0.48067805588663753
datasets/test/24subaruForester13.jpg,0.0
datasets/test/21porsche911Speedster34.jpg,0.7485887782789639
datasets/test/25toyotaAvalon13.jpg,0.5125505211657094
datasets/test/08chevySilverado34.jpg,0.0
datasets/test/08chevySilverado17.jpg,0.8322676457241863
datasets/test/19nissanAltima11.jpg,0.4422970573682219
datasets/test/23subaruAscent36.jpg,0.6383390747239304
datasets/test/25toyotaAvalon26.jpg,0.3169747070006979
datasets/test/13hyundaiSantaFe26.jpg,0.5131926661886715
datasets/test/16lexusUX37.jpg,0.0
datasets/test/15lexusES38.jpg,0.42558307285405145
datasets/test/27volkswagenArteon12.jpg,0.3519163763066202
datasets/test/09fordFusionHybridTitanium25.jpg,0.4017899262733681
datasets/test/23subaruAscent12.jpg,0.7358327202979544
datasets/test/14hyundaiVeloster39.jpg,0.5539843620029945
datasets/test/19nissanAltima3.jpg,0.45262609671086895
datasets/test/25toyotaAvalon12.jpg,0.4584250948459332
datasets/test/12hondaPassport6.jpg,0.5846974282051506
datasets/test/22porscheCayenne26.jpg,0.41759786871901133
datasets/test/30volvoV60-19.jpg,0.650962916676944
datasets/test/28volkswagenJetta29.jpg,0.6416537071240656
datasets/test/03audiA6-35.jpg,0.39858438398584384
datasets/test/16lexusUX32.jpg,0.6262300792475833
datasets/test/03audiA6-14.jpg,0.34664795422649247
datasets/test/06bmwX5-10.jpg,0.40816326530612246
datasets/test/28volkswagenJetta10.jpg,0.6390158908555259
datasets/test/08chevySilverado14.jpg,0.6158483880335266
datasets/test/20nissanLeafPlus19.jpg,0.42823686851789894
datasets/test/30volvoV60-24.jpg,0.3865629654145292
datasets/test/02acuraRDX7.jpg,0.0
datasets/test/22porscheCayenne11.jpg,0.511407916093944
datasets/test/14hyundaiVeloster2.jpg,0.0
datasets/test/13hyundaiSantaFe39.jpg,0.0
datasets/test/03audiA6-4.jpg,0.8348905158826475
datasets/test/26toyotaRAV4-13.jpg,0.7426043351160797
datasets/test/08chevySilverado44.jpg,0.5405645304455885
datasets/test/16lexusUX14.jpg,0.4107267144319345
datasets/test/26toyotaRAV4-3.jpg,0.5814459930313589
datasets/test/07chevyBlazer26.jpg,0.533114705994229
datasets/test/19nissanAltima8.jpg,0.5500042556813346
datasets/test/20nissanLeafPlus9.jpg,0.6750489685889935
datasets/test/22porscheCayenne6.jpg,0.5197323086625945
datasets/test/13hyundaiSantaFe10.jpg,0.0015145738563661717
datasets/test/20nissanLeafPlus38.jpg,0.5862743122039705
datasets/test/13hyundaiSantaFe11.jpg,0.0
datasets/test/27volkswagenArteon28.jpg,0.7506714452514986
datasets/test/05bmwX4-11.jpg,0.6647414396154329
datasets/test/05bmwX4-22.jpg,0.8934389623502457
datasets/test/14hyundaiVeloster10.jpg,0.6835088921241186
datasets/test/19nissanAltima24.jpg,0.42842763698617164
datasets/test/25toyotaAvalon36.jpg,0.43115903698218144
datasets/test/21porsche911Speedster3.jpg,0.29538611157867173
datasets/test/12hondaPassport21.jpg,0.9079515202810761
datasets/test/08chevySilverado30.jpg,0.5370006548788474
datasets/test/02acuraRDX29.jpg,0.42951502099450173
datasets/test/28volkswagenJetta12.jpg,0.8479449586645269
datasets/test/10fordTaurus17.jpg,0.5899750918267846
datasets/test/22porscheCayenne33.jpg,0.7070890106700211
datasets/test/24subaruForester9.jpg,0.8107689351917845
datasets/test/15lexusES1.jpg,0.6655865930698862
datasets/test/12hondaPassport14.jpg,0.609489749660001
datasets/test/12hondaPassport13.jpg,0.0
datasets/test/14hyundaiVeloster36.jpg,0.3572898272552783
datasets/test/24subaruForester15.jpg,0.8239822861768916
datasets/test/30volvoV60-12.jpg,0.0
datasets/test/06bmwX5-39.jpg,0.6398605625856372
datasets/test/05bmwX4-35.jpg,0.48896714182753936
datasets/test/24subaruForester25.jpg,0.7113295627973786
datasets/test/08chevySilverado43.jpg,0.6550747680744264
datasets/test/15lexusES29.jpg,0.5025911740973509
datasets/test/06bmwX5-40.jpg,0.6384283309204536
datasets/test/27volkswagenArteon19.jpg,0.027754142409314824
datasets/test/26toyotaRAV4-25.jpg,0.6459893197250457
datasets/test/11hondaInsight20.jpg,0.46646376405567513
datasets/test/30volvoV60-27.jpg,0.41673400426063323
datasets/test/03audiA6-39.jpg,0.4800029423663982
datasets/test/12hondaPassport19.jpg,0.723820436223759
datasets/test/09fordFusionHybridTitanium35.jpg,0.7587201039509481
datasets/test/22porscheCayenne39.jpg,0.6340161426614994
datasets/test/20nissanLeafPlus37.jpg,0.8014502515011249
datasets/test/15lexusES22.jpg,0.7362871512056026
datasets/test/10fordTaurus19.jpg,0.29498055308853705
datasets/test/04audiA8-29.jpg,0.2986981443699602
datasets/test/18mercedesBenzG15.jpg,0.5132827120394071
datasets/test/25toyotaAvalon17.jpg,0.5299372315824249
datasets/test/08chevySilverado8.jpg,0.5914132513405077
datasets/test/16lexusUX29.jpg,0.8046717680225534
datasets/test/20nissanLeafPlus4.jpg,0.0
datasets/test/21porsche911Speedster32.jpg,0.49413697130081674
datasets/test/25toyotaAvalon14.jpg,0.6836600553505535
datasets/test/02acuraRDX24.jpg,0.613885671458745
datasets/test/03audiA6-10.jpg,0.4396531909056532
datasets/test/23subaruAscent27.jpg,0.0
datasets/test/03audiA6-1.jpg,0.6948922939540045
datasets/test/06bmwX5-29.jpg,0.7991294333090119
datasets/test/04audiA8-25.jpg,0.5711200607015701
datasets/test/30volvoV60-1.jpg,0.6028408243223082
datasets/test/26toyotaRAV4-31.jpg,0.7751753912574204
datasets/test/08chevySilverado13.jpg,0.7534268409308257
datasets/test/11hondaInsight13.jpg,0.7499403842555736
datasets/test/02acuraRDX32.jpg,0.5060649671052632
datasets/test/03audiA6-13.jpg,0.8671809393613905
datasets/test/10fordTaurus23.jpg,0.48724373576309793
datasets/test/27volkswagenArteon2.jpg,0.47814917135560875
datasets/test/14hyundaiVeloster23.jpg,0.5510741748238268
datasets/test/25toyotaAvalon16.jpg,0.41095224073248887
datasets/test/23subaruAscent7.jpg,0.0
datasets/test/10fordTaurus21.jpg,0.7334307183249782
datasets/test/12hondaPassport27.jpg,0.7684448891463479
datasets/test/13hyundaiSantaFe22.jpg,0.36375118168829246
datasets/test/23subaruAscent20.jpg,0.5664225575483359
datasets/test/26toyotaRAV4-9.jpg,0.7063809634268925
datasets/test/11hondaInsight22.jpg,0.6014017132050283
datasets/test/24subaruForester23.jpg,0.03200963956412406
datasets/test/18mercedesBenzG6.jpg,0.0
datasets/test/26toyotaRAV4-16.jpg,0.8444283722128575
datasets/test/26toyotaRAV4-37.jpg,0.7630673332050522
datasets/test/30volvoV60-7.jpg,0.8946456039260688
datasets/test/22porscheCayenne7.jpg,0.6881321267109975
datasets/test/26toyotaRAV4-20.jpg,0.0033068547899613846
datasets/test/02acuraRDX27.jpg,0.6372342052929478
datasets/test/19nissanAltima26.jpg,0.46667841642616376
datasets/test/15lexusES32.jpg,0.5131178921292647
datasets/test/02acuraRDX26.jpg,0.0
datasets/test/13hyundaiSantaFe9.jpg,0.49893109213046777
datasets/test/13hyundaiSantaFe14.jpg,0.7486811849046395
datasets/test/23subaruAscent5.jpg,0.0
datasets/test/07chevyBlazer14.jpg,0.38228155339805825
datasets/test/25toyotaAvalon21.jpg,0.5771087004649104
datasets/test/03audiA6-20.jpg,0.0
datasets/test/12hondaPassport12.jpg,0.06353315127337435
datasets/test/20nissanLeafPlus30.jpg,0.04588813388904205
datasets/test/12hondaPassport5.jpg,0.8579984337302514
datasets/test/21porsche911Speedster29.jpg,0.7114961851803957
datasets/test/19nissanAltima31.jpg,0.5252512503352634
datasets/test/28volkswagenJetta17.jpg,0.0
datasets/test/01acuraNSX7.jpg,0.3444382908021983
datasets/test/05bmwX4-20.jpg,0.6701275779794524
datasets/test/13hyundaiSantaFe2.jpg,0.951391081966401
datasets/test/06bmwX5-4.jpg,0.6393298777748113
datasets/test/06bmwX5-2.jpg,0.830668506344182
datasets/test/07chevyBlazer11.jpg,0.0
datasets/test/26toyotaRAV4-32.jpg,0.0
datasets/test/01acuraNSX22.jpg,0.5805477546636617
datasets/test/18mercedesBenzG16.jpg,0.5986126224156693
datasets/test/27volkswagenArteon6.jpg,0.4299512430247863
datasets/test/23subaruAscent16.jpg,0.0
datasets/test/09fordFusionHybridTitanium4.jpg,0.5419110690633869
datasets/test/16lexusUX40.jpg,0.764094051123763
datasets/test/07chevyBlazer7.jpg,0.5370893758976972
datasets/test/26toyotaRAV4-26.jpg,0.5355590332116154
datasets/test/09fordFusionHybridTitanium30.jpg,0.4600796066494966
datasets/test/28volkswagenJetta32.jpg,0.0
datasets/test/13hyundaiSantaFe35.jpg,0.8252028341425611
datasets/test/26toyotaRAV4-5.jpg,0.6175075565470775
datasets/test/11hondaInsight23.jpg,0.5182324589642597
datasets/test/15lexusES35.jpg,0.30357142857142855
datasets/test/10fordTaurus11.jpg,0.5491779528736599
datasets/test/12hondaPassport34.jpg,0.8297662166611788
datasets/test/23subaruAscent3.jpg,0.0
datasets/test/15lexusES10.jpg,0.5622624145738234
datasets/test/22porscheCayenne3.jpg,0.48266920259408697
datasets/test/27volkswagenArteon22.jpg,0.46711581649021494
datasets/test/24subaruForester37.jpg,0.0
datasets/test/30volvoV60-4.jpg,0.0
datasets/test/05bmwX4-5.jpg,0.6001435750179469
datasets/test/04audiA8-19.jpg,0.7040692769589598
datasets/test/02acuraRDX31.jpg,0.5591762439380854
datasets/test/14hyundaiVeloster12.jpg,0.5704094336853766
datasets/test/18mercedesBenzG1.jpg,0.020807952550089513
datasets/test/12hondaPassport10.jpg,0.7101208489091952
datasets/test/02acuraRDX13.jpg,0.49564076845922383
datasets/test/06bmwX5-33.jpg,0.5956890920966689
datasets/test/07chevyBlazer19.jpg,0.3799027512077824
datasets/test/19nissanAltima1.jpg,0.0
datasets/test/25toyotaAvalon33.jpg,0.25941664627227623
datasets/test/28volkswagenJetta13.jpg,0.5498637350454987
datasets/test/03audiA6-21.jpg,0.49378963231528256
datasets/test/20nissanLeafPlus20.jpg,0.3636696969470981
datasets/test/05bmwX4-40.jpg,0.5215922117687607
datasets/test/16lexusUX20.jpg,0.8753275902332702
datasets/test/20nissanLeafPlus10.jpg,0.49363011393683
datasets/test/11hondaInsight24.jpg,0.5436697709539391
datasets/test/22porscheCayenne17.jpg,0.4838149694387532
datasets/test/19nissanAltima6.jpg,0.597349957333839
datasets/test/23subaruAscent23.jpg,0.57981997179646
datasets/test/09fordFusionHybridTitanium11.jpg,0.4169811320754717
datasets/test/03audiA6-28.jpg,0.6031900727560453
datasets/test/08chevySilverado18.jpg,0.8034507306393955
datasets/test/19nissanAltima30.jpg,0.6328636727769662
datasets/test/09fordFusionHybridTitanium26.jpg,0.5200286790659788
datasets/test/18mercedesBenzG9.jpg,0.8488360475571985
datasets/test/10fordTaurus36.jpg,0.2902466427692472
datasets/test/16lexusUX39.jpg,0.6264227220897688
datasets/test/22porscheCayenne29.jpg,0.4008141250208239
datasets/test/28volkswagenJetta18.jpg,0.7660595337218984
datasets/test/14hyundaiVeloster9.jpg,0.7608185575256633
datasets/test/19nissanAltima10.jpg,0.5399648444750145
datasets/test/03audiA6-22.jpg,0.5425079030558483
datasets/test/24subaruForester26.jpg,0.43035363266577137
datasets/test/10fordTaurus18.jpg,0.44766716747782603
datasets/test/09fordFusionHybridTitanium2.jpg,0.8092479287944764
datasets/test/21porsche911Speedster33.jpg,0.6105125218404194
datasets/test/04audiA8-5.jpg,0.6483026960107
datasets/test/29volvoS60-1.jpg,0.31638226376681516
datasets/test/06bmwX5-34.jpg,0.6827158699173486
datasets/test/02acuraRDX28.jpg,0.016240193755594167
datasets/test/12hondaPassport23.jpg,0.8331813258849684
datasets/test/04audiA8-20.jpg,0.6351680946297272
datasets/test/14hyundaiVeloster16.jpg,0.44099207926847916
datasets/test/07chevyBlazer5.jpg,0.6200333683495025
datasets/test/09fordFusionHybridTitanium20.jpg,0.4858222305289296
datasets/test/20nissanLeafPlus25.jpg,0.8304156053923091
datasets/test/13hyundaiSantaFe12.jpg,0.0
datasets/test/18mercedesBenzG21.jpg,0.3818528610354223
datasets/test/04audiA8-22.jpg,0.6827528483972451
datasets/test/29volvoS60-12.jpg,0.3882644776895711
datasets/test/06bmwX5-20.jpg,0.503290187287584
datasets/test/15lexusES2.jpg,0.7168119450140465
datasets/test/02acuraRDX12.jpg,0.8099182378424553
datasets/test/19nissanAltima12.jpg,0.9299317623197374
datasets/test/18mercedesBenzG20.jpg,0.4694185584649699
datasets/test/22porscheCayenne21.jpg,0.5134100195047969
datasets/test/12hondaPassport35.jpg,0.4224838652575579
datasets/test/26toyotaRAV4-17.jpg,0.5979911352587932
datasets/test/24subaruForester16.jpg,0.6157839354612417
datasets/test/06bmwX5-15.jpg,0.6066974386822337
datasets/test/08chevySilverado35.jpg,0.4748417277578539
datasets/test/25toyotaAvalon34.jpg,0.3932802487464813
datasets/test/20nissanLeafPlus14.jpg,0.45667542641584535
datasets/test/27volkswagenArteon7.jpg,0.0332811380344489
datasets/test/06bmwX5-24.jpg,0.607904316172647
datasets/test/20nissanLeafPlus12.jpg,0.47047137412664536
datasets/test/21porsche911Speedster8.jpg,0.719727414875493
datasets/test/26toyotaRAV4-18.jpg,0.0
datasets/test/05bmwX4-10.jpg,0.5105447634321687
datasets/test/14hyundaiVeloster25.jpg,0.6612183761554077
datasets/test/17mercedesBenzA8.jpg,0.9268553599286828
datasets/test/08chevySilverado26.jpg,0.5614460076399889
datasets/test/28volkswagenJetta21.jpg,0.784518114821073
datasets/test/05bmwX4-12.jpg,0.47526492358485545
datasets/test/18mercedesBenzG32.jpg,0.0
datasets/test/05bmwX4-29.jpg,0.4860398090606142
datasets/test/17mercedesBenzA27.jpg,0.009663604085069
datasets/test/09fordFusionHybridTitanium22.jpg,0.482322462663822
datasets/test/10fordTaurus20.jpg,0.5063522339749147
datasets/test/14hyundaiVeloster22.jpg,0.4866396490681155
datasets/test/17mercedesBenzA16.jpg,0.6036784262558338
datasets/test/01acuraNSX8.jpg,0.4251204176931279
datasets/test/15lexusES43.jpg,0.6236563381392872
datasets/test/05bmwX4-28.jpg,0.49354614107439343
datasets/test/09fordFusionHybridTitanium39.jpg,0.4323317027719543
datasets/test/28volkswagenJetta9.jpg,0.45465504078434527
datasets/test/20nissanLeafPlus27.jpg,0.7560404209361747
datasets/test/02acuraRDX20.jpg,0.6333644932616656
datasets/test/30volvoV60-37.jpg,0.0
datasets/test/08chevySilverado42.jpg,0.5777682286071449
datasets/test/08chevySilverado29.jpg,0.6550747680744264
datasets/test/30volvoV60-17.jpg,0.4609193662583461
datasets/test/08chevySilverado27.jpg,0.48467280297746873
datasets/test/06bmwX5-18.jpg,0.524977496425903
datasets/test/18mercedesBenzG13.jpg,0.5572668031625709
datasets/test/01acuraNSX12.jpg,0.2868390817917841
datasets/test/05bmwX4-6.jpg,0.5680453635757171
datasets/test/01acuraNSX10.jpg,0.8665457946378762
datasets/test/12hondaPassport39.jpg,0.012246832285742791
datasets/test/24subaruForester18.jpg,0.7076343966402122
datasets/test/15lexusES8.jpg,0.4231505582205778
datasets/test/05bmwX4-33.jpg,0.5445367959190953
datasets/test/25toyotaAvalon35.jpg,0.554651047844998
datasets/test/01acuraNSX14.jpg,0.5778261970111326
datasets/test/08chevySilverado2.jpg,0.7315224458081601
datasets/test/08chevySilverado41.jpg,0.8345527495869719
datasets/test/10fordTaurus2.jpg,0.48741456502220243
datasets/test/07chevyBlazer28.jpg,0.4868719776511713
datasets/test/04audiA8-2.jpg,0.8366747703090961
datasets/test/12hondaPassport8.jpg,0.5022997358362905
datasets/test/07chevyBlazer20.jpg,0.5405657713066399
datasets/test/07chevyBlazer16.jpg,0.683181327841522
datasets/test/08chevySilverado31.jpg,0.593084234677155
datasets/test/28volkswagenJetta7.jpg,0.2919259845072429
datasets/test/20nissanLeafPlus33.jpg,0.6417701110251806
datasets/test/13hyundaiSantaFe20.jpg,0.0
datasets/test/27volkswagenArteon5.jpg,0.7041667060078746
datasets/test/13hyundaiSantaFe15.jpg,0.044853216616391633
datasets/test/16lexusUX31.jpg,0.5156073418806749
datasets/test/07chevyBlazer29.jpg,0.5047728579643473
datasets/test/16lexusUX11.jpg,0.3088506765300533
datasets/test/03audiA6-34.jpg,0.4366486872206015
datasets/test/08chevySilverado40.jpg,0.6417238127500619
datasets/test/12hondaPassport36.jpg,0.0
datasets/test/24subaruForester30.jpg,0.6191254539981376
datasets/test/23subaruAscent17.jpg,0.0
datasets/test/16lexusUX24.jpg,0.7112633936524904
datasets/test/28volkswagenJetta3.jpg,0.7550590077645982
datasets/test/20nissanLeafPlus6.jpg,0.5235457063711911
datasets/test/01acuraNSX2.jpg,0.5433995748635997
datasets/test/03audiA6-2.jpg,0.5320043094586037
datasets/test/06bmwX5-16.jpg,0.6464855764561143
datasets/test/14hyundaiVeloster24.jpg,0.6320740104482026
datasets/test/08chevySilverado25.jpg,0.6101771126622426
datasets/test/10fordTaurus39.jpg,0.3504159329649645
datasets/test/09fordFusionHybridTitanium23.jpg,0.5903720261855341
datasets/test/02acuraRDX1.jpg,0.47402858896880334
datasets/test/12hondaPassport26.jpg,0.9270293663835819
datasets/test/15lexusES5.jpg,0.7585047626670935
datasets/test/24subaruForester19.jpg,0.5430162460406662
datasets/test/03audiA6-3.jpg,0.5893662821618884
datasets/test/13hyundaiSantaFe17.jpg,0.7314866019807953
datasets/test/28volkswagenJetta23.jpg,0.0
datasets/test/09fordFusionHybridTitanium14.jpg,0.8059752369642189
datasets/test/22porscheCayenne36.jpg,0.3614993328049282
datasets/test/03audiA6-27.jpg,0.4884316003680397
datasets/test/11hondaInsight8.jpg,0.9492325039854493
datasets/test/21porsche911Speedster35.jpg,0.44547800686310657
datasets/test/08chevySilverado7.jpg,0.0
datasets/test/05bmwX4-14.jpg,0.5854105207689949
datasets/test/24subaruForester27.jpg,0.7035144621673257
datasets/test/27volkswagenArteon10.jpg,0.6058592842952605
datasets/test/13hyundaiSantaFe7.jpg,0.5081216303644598
datasets/test/12hondaPassport24.jpg,0.6475202324133638
datasets/test/28volkswagenJetta35.jpg,0.7124771449070753
datasets/test/30volvoV60-9.jpg,0.3671488205028638
datasets/test/08chevySilverado4.jpg,0.79451896876965
datasets/test/23subaruAscent11.jpg,0.35324156305506216
datasets/test/29volvoS60-5.jpg,0.5182591295647824
datasets/test/18mercedesBenzG23.jpg,0.726552179656539
datasets/test/16lexusUX23.jpg,0.6321339621641673
datasets/test/12hondaPassport16.jpg,0.5527622741462491
datasets/test/18mercedesBenzG17.jpg,0.8224943381797861
datasets/test/14hyundaiVeloster35.jpg,0.7093646837771892
datasets/test/20nissanLeafPlus24.jpg,0.546563643757625
datasets/test/10fordTaurus5.jpg,0.0
datasets/test/27volkswagenArteon26.jpg,0.0
datasets/test/08chevySilverado21.jpg,0.5357159613577166
datasets/test/22porscheCayenne31.jpg,0.5622825971449825
datasets/test/09fordFusionHybridTitanium1.jpg,0.5967810041240306
datasets/test/20nissanLeafPlus3.jpg,0.5097454145852761
datasets/test/02acuraRDX15.jpg,0.15851387440130635
datasets/test/20nissanLeafPlus29.jpg,0.4752233956133225
datasets/test/12hondaPassport42.jpg,0.6912689887985269
datasets/test/10fordTaurus25.jpg,0.734474203883539
datasets/test/05bmwX4-32.jpg,0.5066390560821036
datasets/test/10fordTaurus24.jpg,0.5431036716502993
datasets/test/21porsche911Speedster14.jpg,0.49972411256207466
datasets/test/14hyundaiVeloster40.jpg,0.6277493038459986
datasets/test/06bmwX5-23.jpg,0.49585506825690895
datasets/test/24subaruForester14.jpg,0.8128841597941922
datasets/test/14hyundaiVeloster11.jpg,0.0
datasets/test/09fordFusionHybridTitanium6.jpg,0.6613865379990846
datasets/test/13hyundaiSantaFe23.jpg,0.6412562046118823
datasets/test/29volvoS60-8.jpg,0.532376723223754
datasets/test/23subaruAscent29.jpg,0.6443305561645838
datasets/test/08chevySilverado36.jpg,0.0
datasets/test/22porscheCayenne34.jpg,0.5779169661498442
datasets/test/30volvoV60-11.jpg,0.44005449591280654
datasets/test/16lexusUX38.jpg,0.5450407283181601
datasets/test/01acuraNSX27.jpg,0.4480533116801299
datasets/test/08chevySilverado39.jpg,0.0
datasets/test/10fordTaurus10.jpg,0.5570163562882958
datasets/test/05bmwX4-39.jpg,0.39933649044145675
datasets/test/30volvoV60-14.jpg,0.6829333115263524
datasets/test/06bmwX5-5.jpg,0.7798451718049708
datasets/test/14hyundaiVeloster4.jpg,0.4057309766965866
datasets/test/24subaruForester17.jpg,0.6284747423428655
datasets/test/22porscheCayenne24.jpg,0.29576041601039055
datasets/test/06bmwX5-11.jpg,0.5392294971519569
datasets/test/17mercedesBenzA13.jpg,0.5050715638908276
datasets/test/18mercedesBenzG30.jpg,0.7342306744196163
datasets/test/23subaruAscent38.jpg,0.0
datasets/test/06bmwX5-36.jpg,0.5484516536760059
datasets/test/03audiA6-36.jpg,0.4378148004649361
datasets/test/03audiA6-17.jpg,0.44037493934053584
datasets/test/07chevyBlazer31.jpg,0.4203265546147892
datasets/test/02acuraRDX6.jpg,0.49651662043521644
datasets/test/06bmwX5-27.jpg,0.6446126724048533
datasets/test/23subaruAscent1.jpg,0.0
datasets/test/14hyundaiVeloster19.jpg,0.534476255513779
datasets/test/20nissanLeafPlus36.jpg,0.8014502515011249
datasets/test/10fordTaurus16.jpg,0.2885801122070832
datasets/test/07chevyBlazer17.jpg,0.0
datasets/test/18mercedesBenzG2.jpg,0.8046894181193224
datasets/test/03audiA6-23.jpg,0.6071536970885574
datasets/test/24subaruForester32.jpg,0.8884073470707473
datasets/test/24subaruForester31.jpg,0.0
datasets/test/23subaruAscent22.jpg,0.6284643710834034
datasets/test/12hondaPassport29.jpg,0.8282553714515328
datasets/test/02acuraRDX5.jpg,0.3582671263678609
datasets/test/20nissanLeafPlus22.jpg,0.3368401624215578
datasets/test/12hondaPassport4.jpg,0.42966807516202227
datasets/test/05bmwX4-3.jpg,0.6641752309768504
datasets/test/02acuraRDX18.jpg,0.5209249764179579
datasets/test/15lexusES17.jpg,0.6115873059790278
datasets/test/14hyundaiVeloster33.jpg,0.0
datasets/test/13hyundaiSantaFe42.jpg,0.6764461624864077
datasets/test/02acuraRDX11.jpg,0.7660511860528878
datasets/test/30volvoV60-21.jpg,0.5032831640161164
datasets/test/04audiA8-21.jpg,0.006082108464267613
datasets/test/13hyundaiSantaFe1.jpg,0.5653695197337945
datasets/test/01acuraNSX6.jpg,0.0
datasets/test/09fordFusionHybridTitanium15.jpg,0.49656120352841665
datasets/test/29volvoS60-3.jpg,0.5988323689978152
datasets/test/02acuraRDX23.jpg,0.23365450051935957
datasets/test/16lexusUX18.jpg,0.5082215008962744
datasets/test/20nissanLeafPlus7.jpg,0.516055429510081
datasets/test/14hyundaiVeloster5.jpg,0.548159034247474
datasets/test/06bmwX5-35.jpg,0.5271986257536462
datasets/test/13hyundaiSantaFe6.jpg,0.0
datasets/test/11hondaInsight5.jpg,0.5297611125898323
datasets/test/18mercedesBenzG8.jpg,0.724130173965207
datasets/test/28volkswagenJetta36.jpg,0.509341553775915
datasets/test/23subaruAscent10.jpg,0.7089999679374138
datasets/test/19nissanAltima23.jpg,0.44223633509347793
datasets/test/16lexusUX27.jpg,0.6580196399345336
datasets/test/14hyundaiVeloster3.jpg,0.530894812977888
datasets/test/25toyotaAvalon24.jpg,0.6963814373163106
datasets/test/03audiA6-9.jpg,0.5989349374373397
datasets/test/04audiA8-9.jpg,0.3086445223849804
datasets/test/09fordFusionHybridTitanium16.jpg,0.8182167324646865
datasets/test/25toyotaAvalon2.jpg,0.516581511519687
datasets/test/08chevySilverado12.jpg,0.557681919901227
datasets/test/05bmwX4-16.jpg,0.6880864864864865
datasets/test/14hyundaiVeloster13.jpg,0.5242214093380074
datasets/test/28volkswagenJetta27.jpg,0.45290359046370016
datasets/test/04audiA8-15.jpg,0.42921844152827776
datasets/test/16lexusUX19.jpg,0.6420988158432013
datasets/test/13hyundaiSantaFe32.jpg,0.6089267216141963
datasets/test/08chevySilverado11.jpg,0.7812471912132162
datasets/test/20nissanLeafPlus1.jpg,0.0
datasets/test/08chevySilverado16.jpg,0.0
datasets/test/02acuraRDX22.jpg,0.48762603116406966
datasets/test/10fordTaurus29.jpg,0.3066295400252583
datasets/test/13hyundaiSantaFe3.jpg,0.8488018305715507
datasets/test/30volvoV60-31.jpg,0.34965891076888833
datasets/test/06bmwX5-28.jpg,0.4214077798359354
datasets/test/30volvoV60-35.jpg,0.7986077750182236
datasets/test/24subaruForester6.jpg,0.8251241742129102
datasets/test/09fordFusionHybridTitanium28.jpg,0.3993642425182199
datasets/test/12hondaPassport18.jpg,0.0
datasets/test/04audiA8-28.jpg,0.2509949860244182
datasets/test/15lexusES13.jpg,0.6047075952438729
datasets/test/22porscheCayenne12.jpg,0.6437352011229424
datasets/test/25toyotaAvalon5.jpg,0.43995843028335463
datasets/test/13hyundaiSantaFe37.jpg,0.4273691361286183
datasets/test/12hondaPassport44.jpg,0.3307366638441998
datasets/test/08chevySilverado3.jpg,0.570978074640578
datasets/test/10fordTaurus35.jpg,0.5357467355468446
datasets/test/10fordTaurus31.jpg,0.38898424490841554
datasets/test/06bmwX5-25.jpg,0.5283661391074231
datasets/test/01acuraNSX28.jpg,0.5674561494551116
datasets/test/23subaruAscent30.jpg,0.06895981615124536
datasets/test/06bmwX5-3.jpg,0.6396019171369818
datasets/test/01acuraNSX1.jpg,0.5544954936978284
datasets/test/28volkswagenJetta30.jpg,0.9211056998009428
datasets/test/25toyotaAvalon6.jpg,0.5698554182486901
datasets/test/29volvoS60-10.jpg,0.12652826294061606
datasets/test/06bmwX5-21.jpg,0.6038427747431148
datasets/test/07chevyBlazer23.jpg,0.6660585859495819
datasets/test/22porscheCayenne37.jpg,0.5054026753191099
datasets/test/22porscheCayenne16.jpg,0.8168743953586105
datasets/test/07chevyBlazer21.jpg,0.32978416659047916
datasets/test/16lexusUX30.jpg,0.8023599789639758
datasets/test/02acuraRDX19.jpg,0.4970237510559299
datasets/test/22porscheCayenne8.jpg,0.09291629381341665
datasets/test/04audiA8-13.jpg,0.0
datasets/test/23subaruAscent37.jpg,0.5364163347258655
datasets/test/11hondaInsight4.jpg,0.7653537112996572
datasets/test/26toyotaRAV4-4.jpg,0.0
datasets/test/15lexusES7.jpg,0.6725620880962133
datasets/test/23subaruAscent33.jpg,0.3701969489773707
datasets/test/10fordTaurus27.jpg,0.2913316069238108
datasets/test/10fordTaurus4.jpg,0.6478001752848379
datasets/test/03audiA6-30.jpg,0.5419570671870644
datasets/test/09fordFusionHybridTitanium36.jpg,0.8974113135186961
datasets/test/15lexusES16.jpg,0.510440201603893
datasets/test/01acuraNSX13.jpg,0.42053586104870966
datasets/test/15lexusES28.jpg,0.5047041910065331
datasets/test/10fordTaurus15.jpg,0.7599365971827616
datasets/test/05bmwX4-13.jpg,0.5016605650555324
datasets/test/18mercedesBenzG39.jpg,0.7331032206270096
datasets/test/20nissanLeafPlus18.jpg,0.25035727876199737
datasets/test/17mercedesBenzA17.jpg,0.5653613689131233
datasets/test/10fordTaurus33.jpg,0.5741569192812449
datasets/test/17mercedesBenzA6.jpg,0.5725630844114257
datasets/test/22porscheCayenne38.jpg,0.48913927537332047
datasets/test/21porsche911Speedster1.jpg,0.3113207547169811
datasets/test/15lexusES19.jpg,0.43773979707838345
datasets/test/22porscheCayenne41.jpg,0.6526604631589318
datasets/test/03audiA6-26.jpg,0.7636426390766436
datasets/test/22porscheCayenne13.jpg,0.45621543822437693
datasets/test/24subaruForester4.jpg,0.6891106676928334
datasets/test/16lexusUX26.jpg,0.4975240876314575
datasets/test/26toyotaRAV4-24.jpg,0.6744876854812217
datasets/test/29volvoS60-6.jpg,0.27286637450791057
datasets/test/09fordFusionHybridTitanium41.jpg,0.6093149446077323
datasets/test/05bmwX4-24.jpg,0.025309081493947828
datasets/test/07chevyBlazer27.jpg,0.0
datasets/test/21porsche911Speedster4.jpg,0.7719040896457405
datasets/test/05bmwX4-21.jpg,0.286020926945552
datasets/test/26toyotaRAV4-22.jpg,0.7906206193449726
datasets/test/27volkswagenArteon8.jpg,0.49614879329631
datasets/test/02acuraRDX9.jpg,0.5643462369164313
datasets/test/01acuraNSX4.jpg,0.8616262482168331
datasets/test/20nissanLeafPlus5.jpg,0.0
datasets/test/20nissanLeafPlus35.jpg,0.9086173460070094
datasets/test/04audiA8-18.jpg,0.6714649021011827
datasets/test/21porsche911Speedster21.jpg,0.3844450504499591
datasets/test/21porsche911Speedster37.jpg,0.4969418960244648
datasets/test/10fordTaurus28.jpg,0.5836569095977698
datasets/test/23subaruAscent6.jpg,0.0
datasets/test/08chevySilverado1.jpg,0.5234503115775664
datasets/test/15lexusES34.jpg,0.5588321816838706
datasets/test/12hondaPassport28.jpg,0.0
datasets/test/17mercedesBenzA23.jpg,0.6791068240261418
datasets/test/30volvoV60-25.jpg,0.6735519145404021
datasets/test/13hyundaiSantaFe40.jpg,0.009523809523809525
datasets/test/23subaruAscent39.jpg,0.0011965053791168551
datasets/test/18mercedesBenzG12.jpg,0.5479413290572089
datasets/test/08chevySilverado20.jpg,0.746091999103541
datasets/test/12hondaPassport32.jpg,0.7345553414960755
datasets/test/01acuraNSX31.jpg,0.5617934378225283
datasets/test/03audiA6-6.jpg,0.5989349374373397
datasets/test/08chevySilverado33.jpg,0.7973302518637609
datasets/test/04audiA8-24.jpg,0.6765196662693683
datasets/test/17mercedesBenzA2.jpg,0.0
datasets/test/21porsche911Speedster22.jpg,0.7557938743978915
datasets/test/09fordFusionHybridTitanium37.jpg,0.5366786550208369
datasets/test/17mercedesBenzA21.jpg,0.44929496187375834
datasets/test/10fordTaurus12.jpg,0.47393049735178405
datasets/test/16lexusUX5.jpg,0.357418364289994
datasets/test/18mercedesBenzG31.jpg,0.6441194262011752
datasets/test/24subaruForester39.jpg,0.5877977579843021
datasets/test/16lexusUX6.jpg,0.3727834208716646
datasets/test/09fordFusionHybridTitanium19.jpg,0.48023429774070037
datasets/test/04audiA8-26.jpg,0.4637777071862205
datasets/test/15lexusES6.jpg,0.34984310279904607
datasets/test/01acuraNSX3.jpg,0.4831616228448156
datasets/test/25toyotaAvalon27.jpg,0.48263968213439407
datasets/test/26toyotaRAV4-11.jpg,0.02604795675698682
datasets/test/26toyotaRAV4-30.jpg,0.5259764658169869
datasets/test/23subaruAscent26.jpg,0.6230152761962057
datasets/test/18mercedesBenzG35.jpg,0.0
datasets/test/06bmwX5-41.jpg,0.7093343776830499
datasets/test/13hyundaiSantaFe34.jpg,0.0
datasets/test/18mercedesBenzG7.jpg,0.0
